Unnamed: 0,acousticness,artist,color,danceability,date,days,energy,genres,position,region,size,streams,streams_max,streams_min,track_name,url,valence,country_max
416352,0.581,Ed Sheeran,#1DB954,0.825,2017-01-06,6.0,0.652,pop,1,cy,50.0,1549,1549.0,1165.0,Shape of You,https://open.spotify.com/track/7qiZfU4dY1lWllzX7mPBI3,0.931,1986.0
416353,0.0232,Ed Sheeran,#1DB954,0.461,2017-01-06,6.0,0.8340000000000001,pop,2,cy,40.08392511297612,1165,1549.0,1165.0,Castle on the Hill,https://open.spotify.com/track/6PCUP3dWmTjcTtXY02oFdT,0.471,1986.0
416354,0.581,Ed Sheeran,#1DB954,0.825,2017-01-07,7.0,0.652,pop,1,cy,50.0,1759,1759.0,1097.0,Shape of You,https://open.spotify.com/track/7qiZfU4dY1lWllzX7mPBI3,0.931,1986.0
416355,0.0232,Ed Sheeran,#1DB954,0.461,2017-01-07,7.0,0.8340000000000001,pop,2,cy,34.945992040932346,1097,1759.0,1097.0,Castle on the Hill,https://open.spotify.com/track/6PCUP3dWmTjcTtXY02oFdT,0.471,1986.0
416356,0.581,Ed Sheeran,#1DB954,0.825,2017-01-08,8.0,0.652,pop,1,cy,50.0,1866,1866.0,1160.0,Shape of You,https://open.spotify.com/track/7qiZfU4dY1lWllzX7mPBI3,0.931,1986.0
416357,0.0232,Ed Sheeran,#1DB954,0.461,2017-01-08,8.0,0.8340000000000001,pop,2,cy,34.866023579849944,1160,1866.0,1160.0,Castle on the Hill,https://open.spotify.com/track/6PCUP3dWmTjcTtXY02oFdT,0.471,1986.0
416358,0.581,Ed Sheeran,#1DB954,0.825,2017-01-09,9.0,0.652,pop,1,cy,50.0,1896,1896.0,1102.0,Shape of You,https://open.spotify.com/track/7qiZfU4dY1lWllzX7mPBI3,0.931,1986.0
416359,0.0232,Ed Sheeran,#1DB954,0.461,2017-01-09,9.0,0.8340000000000001,pop,2,cy,33.24894514767932,1102,1896.0,1102.0,Castle on the Hill,https://open.spotify.com/track/6PCUP3dWmTjcTtXY02oFdT,0.471,1986.0
416360,0.581,Ed Sheeran,#1DB954,0.825,2017-01-10,10.0,0.652,pop,1,cy,50.0,1878,1878.0,1098.0,Shape of You,https://open.spotify.com/track/7qiZfU4dY1lWllzX7mPBI3,0.931,1986.0
416361,0.0232,Ed Sheeran,#1DB954,0.461,2017-01-10,10.0,0.8340000000000001,pop,2,cy,33.386581469648554,1098,1878.0,1098.0,Castle on the Hill,https://open.spotify.com/track/6PCUP3dWmTjcTtXY02oFdT,0.471,1986.0
416362,0.581,Ed Sheeran,#1DB954,0.825,2017-01-11,11.0,0.652,pop,1,cy,50.0,1697,1697.0,1697.0,Shape of You,https://open.spotify.com/track/7qiZfU4dY1lWllzX7mPBI3,0.931,1986.0
416363,0.581,Ed Sheeran,#1DB954,0.825,2017-01-12,12.0,0.652,pop,1,cy,50.0,1619,1619.0,1619.0,Shape of You,https://open.spotify.com/track/7qiZfU4dY1lWllzX7mPBI3,0.931,1986.0
416364,0.581,Ed Sheeran,#1DB954,0.825,2017-01-13,13.0,0.652,pop,1,cy,50.0,1775,1775.0,1775.0,Shape of You,https://open.spotify.com/track/7qiZfU4dY1lWllzX7mPBI3,0.931,1986.0
416365,0.581,Ed Sheeran,#1DB954,0.825,2017-01-14,14.0,0.652,pop,1,cy,50.0,1751,1751.0,1751.0,Shape of You,https://open.spotify.com/track/7qiZfU4dY1lWllzX7mPBI3,0.931,1986.0
416366,0.581,Ed Sheeran,#1DB954,0.825,2017-01-15,15.0,0.652,pop,1,cy,50.0,1829,1829.0,1829.0,Shape of You,https://open.spotify.com/track/7qiZfU4dY1lWllzX7mPBI3,0.931,1986.0
416367,0.581,Ed Sheeran,#1DB954,0.825,2017-01-16,16.0,0.652,pop,1,cy,50.0,1772,1772.0,1772.0,Shape of You,https://open.spotify.com/track/7qiZfU4dY1lWllzX7mPBI3,0.931,1986.0
416368,0.581,Ed Sheeran,#1DB954,0.825,2017-01-17,17.0,0.652,pop,1,cy,50.0,1797,1797.0,1797.0,Shape of You,https://open.spotify.com/track/7qiZfU4dY1lWllzX7mPBI3,0.931,1986.0
416369,0.581,Ed Sheeran,#1DB954,0.825,2017-01-18,18.0,0.652,pop,1,cy,50.0,1758,1758.0,1758.0,Shape of You,https://open.spotify.com/track/7qiZfU4dY1lWllzX7mPBI3,0.931,1986.0
416370,0.581,Ed Sheeran,#1DB954,0.825,2017-01-19,19.0,0.652,pop,1,cy,50.0,1848,1848.0,1848.0,Shape of You,https://open.spotify.com/track/7qiZfU4dY1lWllzX7mPBI3,0.931,1986.0
416371,0.581,Ed Sheeran,#1DB954,0.825,2017-01-20,20.0,0.652,pop,1,cy,50.0,1959,1959.0,1959.0,Shape of You,https://open.spotify.com/track/7qiZfU4dY1lWllzX7mPBI3,0.931,1986.0
416372,0.581,Ed Sheeran,#1DB954,0.825,2017-01-21,21.0,0.652,pop,1,cy,50.0,1879,1879.0,1879.0,Shape of You,https://open.spotify.com/track/7qiZfU4dY1lWllzX7mPBI3,0.931,1986.0
416373,0.581,Ed Sheeran,#1DB954,0.825,2017-01-22,22.0,0.652,pop,1,cy,50.0,1768,1768.0,1768.0,Shape of You,https://open.spotify.com/track/7qiZfU4dY1lWllzX7mPBI3,0.931,1986.0
416374,0.581,Ed Sheeran,#1DB954,0.825,2017-01-23,23.0,0.652,pop,1,cy,50.0,1900,1900.0,1900.0,Shape of You,https://open.spotify.com/track/7qiZfU4dY1lWllzX7mPBI3,0.931,1986.0
416375,0.581,Ed Sheeran,#1DB954,0.825,2017-01-24,24.0,0.652,pop,1,cy,50.0,1986,1986.0,1986.0,Shape of You,https://open.spotify.com/track/7qiZfU4dY1lWllzX7mPBI3,0.931,1986.0
416376,0.581,Ed Sheeran,#1DB954,0.825,2017-01-25,25.0,0.652,pop,1,cy,50.0,1758,1758.0,1758.0,Shape of You,https://open.spotify.com/track/7qiZfU4dY1lWllzX7mPBI3,0.931,1986.0
416377,0.581,Ed Sheeran,#1DB954,0.825,2017-01-26,26.0,0.652,pop,1,cy,50.0,1767,1767.0,1767.0,Shape of You,https://open.spotify.com/track/7qiZfU4dY1lWllzX7mPBI3,0.931,1986.0
416378,0.581,Ed Sheeran,#1DB954,0.825,2017-01-27,27.0,0.652,pop,1,cy,50.0,1770,1770.0,1770.0,Shape of You,https://open.spotify.com/track/7qiZfU4dY1lWllzX7mPBI3,0.931,1986.0
416379,0.581,Ed Sheeran,#1DB954,0.825,2017-01-28,28.0,0.652,pop,1,cy,50.0,1746,1746.0,1746.0,Shape of You,https://open.spotify.com/track/7qiZfU4dY1lWllzX7mPBI3,0.931,1986.0
416380,0.581,Ed Sheeran,#1DB954,0.825,2017-01-29,29.0,0.652,pop,1,cy,50.0,1738,1738.0,1738.0,Shape of You,https://open.spotify.com/track/7qiZfU4dY1lWllzX7mPBI3,0.931,1986.0
416381,0.581,Ed Sheeran,#1DB954,0.825,2017-01-30,30.0,0.652,pop,1,cy,50.0,1831,1831.0,1831.0,Shape of You,https://open.spotify.com/track/7qiZfU4dY1lWllzX7mPBI3,0.931,1986.0
416382,0.581,Ed Sheeran,#1DB954,0.825,2017-01-31,31.0,0.652,pop,1,cy,50.0,1673,1673.0,1673.0,Shape of You,https://open.spotify.com/track/7qiZfU4dY1lWllzX7mPBI3,0.931,1986.0
416383,0.581,Ed Sheeran,#1DB954,0.825,2017-02-01,32.0,0.652,pop,1,cy,50.0,1726,1726.0,1726.0,Shape of You,https://open.spotify.com/track/7qiZfU4dY1lWllzX7mPBI3,0.931,1986.0
416384,0.581,Ed Sheeran,#1DB954,0.825,2017-02-02,33.0,0.652,pop,1,cy,50.0,1836,1836.0,1836.0,Shape of You,https://open.spotify.com/track/7qiZfU4dY1lWllzX7mPBI3,0.931,1986.0
416385,0.581,Ed Sheeran,#1DB954,0.825,2017-02-03,34.0,0.652,pop,1,cy,50.0,1863,1863.0,1863.0,Shape of You,https://open.spotify.com/track/7qiZfU4dY1lWllzX7mPBI3,0.931,1986.0
416386,0.581,Ed Sheeran,#1DB954,0.825,2017-02-04,35.0,0.652,pop,1,cy,50.0,1796,1796.0,1796.0,Shape of You,https://open.spotify.com/track/7qiZfU4dY1lWllzX7mPBI3,0.931,1986.0
416387,0.581,Ed Sheeran,#1DB954,0.825,2017-02-05,36.0,0.652,pop,1,cy,50.0,1691,1691.0,1691.0,Shape of You,https://open.spotify.com/track/7qiZfU4dY1lWllzX7mPBI3,0.931,1986.0
416388,0.581,Ed Sheeran,#1DB954,0.825,2017-02-06,37.0,0.652,pop,1,cy,50.0,1683,1683.0,1683.0,Shape of You,https://open.spotify.com/track/7qiZfU4dY1lWllzX7mPBI3,0.931,1986.0
416389,0.581,Ed Sheeran,#1DB954,0.825,2017-02-07,38.0,0.652,pop,1,cy,50.0,1822,1822.0,1822.0,Shape of You,https://open.spotify.com/track/7qiZfU4dY1lWllzX7mPBI3,0.931,1986.0
416390,0.581,Ed Sheeran,#1DB954,0.825,2017-02-08,39.0,0.652,pop,1,cy,50.0,1648,1648.0,1648.0,Shape of You,https://open.spotify.com/track/7qiZfU4dY1lWllzX7mPBI3,0.931,1986.0
416391,0.581,Ed Sheeran,#1DB954,0.825,2017-02-09,40.0,0.652,pop,1,cy,50.0,1633,1633.0,1633.0,Shape of You,https://open.spotify.com/track/7qiZfU4dY1lWllzX7mPBI3,0.931,1986.0
416392,0.581,Ed Sheeran,#1DB954,0.825,2017-02-10,41.0,0.652,pop,1,cy,50.0,1721,1721.0,1721.0,Shape of You,https://open.spotify.com/track/7qiZfU4dY1lWllzX7mPBI3,0.931,1986.0
416393,0.581,Ed Sheeran,#1DB954,0.825,2017-02-11,42.0,0.652,pop,1,cy,50.0,1758,1758.0,1758.0,Shape of You,https://open.spotify.com/track/7qiZfU4dY1lWllzX7mPBI3,0.931,1986.0
416394,0.581,Ed Sheeran,#1DB954,0.825,2017-02-12,43.0,0.652,pop,1,cy,50.0,1649,1649.0,1649.0,Shape of You,https://open.spotify.com/track/7qiZfU4dY1lWllzX7mPBI3,0.931,1986.0
416395,0.581,Ed Sheeran,#1DB954,0.825,2017-02-13,44.0,0.652,pop,1,cy,50.0,1539,1539.0,1539.0,Shape of You,https://open.spotify.com/track/7qiZfU4dY1lWllzX7mPBI3,0.931,1986.0
416396,0.581,Ed Sheeran,#1DB954,0.825,2017-02-14,45.0,0.652,pop,1,cy,50.0,1553,1553.0,1553.0,Shape of You,https://open.spotify.com/track/7qiZfU4dY1lWllzX7mPBI3,0.931,1986.0
416397,0.581,Ed Sheeran,#1DB954,0.825,2017-02-15,46.0,0.652,pop,1,cy,50.0,1491,1491.0,1491.0,Shape of You,https://open.spotify.com/track/7qiZfU4dY1lWllzX7mPBI3,0.931,1986.0
416398,0.581,Ed Sheeran,#1DB954,0.825,2017-02-16,47.0,0.652,pop,1,cy,50.0,1448,1448.0,1448.0,Shape of You,https://open.spotify.com/track/7qiZfU4dY1lWllzX7mPBI3,0.931,1986.0
416399,0.581,Ed Sheeran,#1DB954,0.825,2017-02-17,48.0,0.652,pop,1,cy,50.0,1415,1415.0,1415.0,Shape of You,https://open.spotify.com/track/7qiZfU4dY1lWllzX7mPBI3,0.931,1986.0
416400,0.581,Ed Sheeran,#1DB954,0.825,2017-02-18,49.0,0.652,pop,1,cy,50.0,1623,1623.0,1623.0,Shape of You,https://open.spotify.com/track/7qiZfU4dY1lWllzX7mPBI3,0.931,1986.0
416401,0.581,Ed Sheeran,#1DB954,0.825,2017-02-19,50.0,0.652,pop,1,cy,50.0,1487,1487.0,1487.0,Shape of You,https://open.spotify.com/track/7qiZfU4dY1lWllzX7mPBI3,0.931,1986.0
416402,0.581,Ed Sheeran,#1DB954,0.825,2017-02-20,51.0,0.652,pop,1,cy,50.0,1418,1418.0,1418.0,Shape of You,https://open.spotify.com/track/7qiZfU4dY1lWllzX7mPBI3,0.931,1986.0
416403,0.581,Ed Sheeran,#1DB954,0.825,2017-02-21,52.0,0.652,pop,1,cy,50.0,1465,1465.0,1465.0,Shape of You,https://open.spotify.com/track/7qiZfU4dY1lWllzX7mPBI3,0.931,1986.0
416404,0.581,Ed Sheeran,#1DB954,0.825,2017-02-22,53.0,0.652,pop,1,cy,50.0,1478,1478.0,1478.0,Shape of You,https://open.spotify.com/track/7qiZfU4dY1lWllzX7mPBI3,0.931,1986.0
416405,0.581,Ed Sheeran,#1DB954,0.825,2017-02-23,54.0,0.652,pop,1,cy,50.0,1548,1548.0,1548.0,Shape of You,https://open.spotify.com/track/7qiZfU4dY1lWllzX7mPBI3,0.931,1986.0
416406,0.581,Ed Sheeran,#1DB954,0.825,2017-02-24,55.0,0.652,pop,1,cy,50.0,1437,1437.0,1437.0,Shape of You,https://open.spotify.com/track/7qiZfU4dY1lWllzX7mPBI3,0.931,1986.0
416407,0.581,Ed Sheeran,#1DB954,0.825,2017-02-25,56.0,0.652,pop,1,cy,50.0,1554,1554.0,1554.0,Shape of You,https://open.spotify.com/track/7qiZfU4dY1lWllzX7mPBI3,0.931,1986.0
416408,0.581,Ed Sheeran,#1DB954,0.825,2017-02-26,57.0,0.652,pop,1,cy,50.0,1196,1196.0,1196.0,Shape of You,https://open.spotify.com/track/7qiZfU4dY1lWllzX7mPBI3,0.931,1986.0
416409,0.581,Ed Sheeran,#1DB954,0.825,2017-02-27,58.0,0.652,pop,1,cy,50.0,1338,1338.0,1338.0,Shape of You,https://open.spotify.com/track/7qiZfU4dY1lWllzX7mPBI3,0.931,1986.0
416410,0.581,Ed Sheeran,#1DB954,0.825,2017-02-28,59.0,0.652,pop,1,cy,50.0,1419,1419.0,1419.0,Shape of You,https://open.spotify.com/track/7qiZfU4dY1lWllzX7mPBI3,0.931,1986.0
416411,0.581,Ed Sheeran,#1DB954,0.825,2017-03-01,60.0,0.652,pop,1,cy,50.0,1495,1495.0,1054.0,Shape of You,https://open.spotify.com/track/7qiZfU4dY1lWllzX7mPBI3,0.931,1986.0
416412,0.0498,The Chainsmokers,#1DB954,0.617,2017-03-01,60.0,0.635,"edm,pop,tropical house",2,cy,38.20066889632107,1054,1495.0,1054.0,Something Just Like This,https://open.spotify.com/track/6RUKPb4LETWmmr3iAEQktW,0.446,1986.0
416413,0.581,Ed Sheeran,#1DB954,0.825,2017-03-02,61.0,0.652,pop,1,cy,50.0,1525,1525.0,1009.0,Shape of You,https://open.spotify.com/track/7qiZfU4dY1lWllzX7mPBI3,0.931,1986.0
416414,0.0498,The Chainsmokers,#1DB954,0.617,2017-03-02,61.0,0.635,"edm,pop,tropical house",2,cy,36.465573770491794,1009,1525.0,1009.0,Something Just Like This,https://open.spotify.com/track/6RUKPb4LETWmmr3iAEQktW,0.446,1986.0
416415,0.581,Ed Sheeran,#1DB954,0.825,2017-03-03,62.0,0.652,pop,1,cy,50.0,1852,1852.0,1852.0,Shape of You,https://open.spotify.com/track/7qiZfU4dY1lWllzX7mPBI3,0.931,1986.0
416416,0.581,Ed Sheeran,#1DB954,0.825,2017-03-04,63.0,0.652,pop,1,cy,50.0,1856,1856.0,1856.0,Shape of You,https://open.spotify.com/track/7qiZfU4dY1lWllzX7mPBI3,0.931,1986.0
416417,0.581,Ed Sheeran,#1DB954,0.825,2017-03-05,64.0,0.652,pop,1,cy,50.0,1563,1563.0,1563.0,Shape of You,https://open.spotify.com/track/7qiZfU4dY1lWllzX7mPBI3,0.931,1986.0
416418,0.581,Ed Sheeran,#1DB954,0.825,2017-03-06,65.0,0.652,pop,1,cy,50.0,1616,1616.0,1616.0,Shape of You,https://open.spotify.com/track/7qiZfU4dY1lWllzX7mPBI3,0.931,1986.0
416419,0.581,Ed Sheeran,#1DB954,0.825,2017-03-07,66.0,0.652,pop,1,cy,50.0,1643,1643.0,1643.0,Shape of You,https://open.spotify.com/track/7qiZfU4dY1lWllzX7mPBI3,0.931,1986.0
416420,0.581,Ed Sheeran,#1DB954,0.825,2017-03-08,67.0,0.652,pop,1,cy,50.0,1719,1719.0,1719.0,Shape of You,https://open.spotify.com/track/7qiZfU4dY1lWllzX7mPBI3,0.931,1986.0
416421,0.581,Ed Sheeran,#1DB954,0.825,2017-03-09,68.0,0.652,pop,1,cy,50.0,1604,1604.0,1604.0,Shape of You,https://open.spotify.com/track/7qiZfU4dY1lWllzX7mPBI3,0.931,1986.0
416422,0.581,Ed Sheeran,#1DB954,0.825,2017-03-10,69.0,0.652,pop,1,cy,50.0,1594,1594.0,1594.0,Shape of You,https://open.spotify.com/track/7qiZfU4dY1lWllzX7mPBI3,0.931,1986.0
416423,0.581,Ed Sheeran,#1DB954,0.825,2017-03-11,70.0,0.652,pop,1,cy,50.0,1603,1603.0,1603.0,Shape of You,https://open.spotify.com/track/7qiZfU4dY1lWllzX7mPBI3,0.931,1986.0
416424,0.581,Ed Sheeran,#1DB954,0.825,2017-03-12,71.0,0.652,pop,1,cy,50.0,1440,1440.0,1440.0,Shape of You,https://open.spotify.com/track/7qiZfU4dY1lWllzX7mPBI3,0.931,1986.0
416425,0.581,Ed Sheeran,#1DB954,0.825,2017-03-13,72.0,0.652,pop,1,cy,50.0,1343,1343.0,1343.0,Shape of You,https://open.spotify.com/track/7qiZfU4dY1lWllzX7mPBI3,0.931,1986.0
416426,0.581,Ed Sheeran,#1DB954,0.825,2017-03-14,73.0,0.652,pop,1,cy,50.0,1427,1427.0,1427.0,Shape of You,https://open.spotify.com/track/7qiZfU4dY1lWllzX7mPBI3,0.931,1986.0
416427,0.581,Ed Sheeran,#1DB954,0.825,2017-03-15,74.0,0.652,pop,1,cy,50.0,1358,1358.0,1358.0,Shape of You,https://open.spotify.com/track/7qiZfU4dY1lWllzX7mPBI3,0.931,1986.0
416428,0.581,Ed Sheeran,#1DB954,0.825,2017-03-16,75.0,0.652,pop,1,cy,50.0,1387,1387.0,1387.0,Shape of You,https://open.spotify.com/track/7qiZfU4dY1lWllzX7mPBI3,0.931,1986.0
416429,0.581,Ed Sheeran,#1DB954,0.825,2017-03-17,76.0,0.652,pop,1,cy,50.0,1382,1382.0,1382.0,Shape of You,https://open.spotify.com/track/7qiZfU4dY1lWllzX7mPBI3,0.931,1986.0
416430,0.581,Ed Sheeran,#1DB954,0.825,2017-03-18,77.0,0.652,pop,1,cy,50.0,1556,1556.0,1556.0,Shape of You,https://open.spotify.com/track/7qiZfU4dY1lWllzX7mPBI3,0.931,1986.0
416431,0.581,Ed Sheeran,#1DB954,0.825,2017-03-19,78.0,0.652,pop,1,cy,50.0,1358,1358.0,1358.0,Shape of You,https://open.spotify.com/track/7qiZfU4dY1lWllzX7mPBI3,0.931,1986.0
416432,0.581,Ed Sheeran,#1DB954,0.825,2017-03-20,79.0,0.652,pop,1,cy,50.0,1268,1268.0,1268.0,Shape of You,https://open.spotify.com/track/7qiZfU4dY1lWllzX7mPBI3,0.931,1986.0
416433,0.581,Ed Sheeran,#1DB954,0.825,2017-03-21,80.0,0.652,pop,1,cy,50.0,1299,1299.0,1299.0,Shape of You,https://open.spotify.com/track/7qiZfU4dY1lWllzX7mPBI3,0.931,1986.0
416434,0.581,Ed Sheeran,#1DB954,0.825,2017-03-22,81.0,0.652,pop,1,cy,50.0,1215,1215.0,1215.0,Shape of You,https://open.spotify.com/track/7qiZfU4dY1lWllzX7mPBI3,0.931,1986.0
416435,0.581,Ed Sheeran,#1DB954,0.825,2017-03-23,82.0,0.652,pop,1,cy,50.0,1251,1251.0,1251.0,Shape of You,https://open.spotify.com/track/7qiZfU4dY1lWllzX7mPBI3,0.931,1986.0
416436,0.581,Ed Sheeran,#1DB954,0.825,2017-03-24,83.0,0.652,pop,1,cy,50.0,1249,1249.0,1249.0,Shape of You,https://open.spotify.com/track/7qiZfU4dY1lWllzX7mPBI3,0.931,1986.0
416437,0.581,Ed Sheeran,#1DB954,0.825,2017-03-25,84.0,0.652,pop,1,cy,50.0,1306,1306.0,1306.0,Shape of You,https://open.spotify.com/track/7qiZfU4dY1lWllzX7mPBI3,0.931,1986.0
416438,0.581,Ed Sheeran,#1DB954,0.825,2017-03-26,85.0,0.652,pop,1,cy,50.0,1207,1207.0,1207.0,Shape of You,https://open.spotify.com/track/7qiZfU4dY1lWllzX7mPBI3,0.931,1986.0
416439,0.581,Ed Sheeran,#1DB954,0.825,2017-03-27,86.0,0.652,pop,1,cy,50.0,1194,1194.0,1194.0,Shape of You,https://open.spotify.com/track/7qiZfU4dY1lWllzX7mPBI3,0.931,1986.0
416440,0.581,Ed Sheeran,#1DB954,0.825,2017-03-28,87.0,0.652,pop,1,cy,50.0,1177,1177.0,1177.0,Shape of You,https://open.spotify.com/track/7qiZfU4dY1lWllzX7mPBI3,0.931,1986.0
416441,0.581,Ed Sheeran,#1DB954,0.825,2017-03-29,88.0,0.652,pop,1,cy,50.0,1235,1235.0,1235.0,Shape of You,https://open.spotify.com/track/7qiZfU4dY1lWllzX7mPBI3,0.931,1986.0
416442,0.581,Ed Sheeran,#1DB954,0.825,2017-03-30,89.0,0.652,pop,1,cy,50.0,1140,1140.0,1140.0,Shape of You,https://open.spotify.com/track/7qiZfU4dY1lWllzX7mPBI3,0.931,1986.0
416443,0.581,Ed Sheeran,#1DB954,0.825,2017-03-31,90.0,0.652,pop,1,cy,50.0,1250,1250.0,1250.0,Shape of You,https://open.spotify.com/track/7qiZfU4dY1lWllzX7mPBI3,0.931,1986.0
416444,0.581,Ed Sheeran,#1DB954,0.825,2017-04-01,91.0,0.652,pop,1,cy,50.0,1188,1188.0,1188.0,Shape of You,https://open.spotify.com/track/7qiZfU4dY1lWllzX7mPBI3,0.931,1986.0
416445,0.581,Ed Sheeran,#1DB954,0.825,2017-04-02,92.0,0.652,pop,1,cy,50.0,1095,1095.0,1095.0,Shape of You,https://open.spotify.com/track/7qiZfU4dY1lWllzX7mPBI3,0.931,1986.0
416446,0.581,Ed Sheeran,#1DB954,0.825,2017-04-03,93.0,0.652,pop,1,cy,50.0,1046,1046.0,1046.0,Shape of You,https://open.spotify.com/track/7qiZfU4dY1lWllzX7mPBI3,0.931,1986.0
416447,0.581,Ed Sheeran,#1DB954,0.825,2017-04-04,94.0,0.652,pop,1,cy,50.0,1098,1098.0,1098.0,Shape of You,https://open.spotify.com/track/7qiZfU4dY1lWllzX7mPBI3,0.931,1986.0
416448,0.581,Ed Sheeran,#1DB954,0.825,2017-04-05,95.0,0.652,pop,1,cy,50.0,1069,1069.0,1069.0,Shape of You,https://open.spotify.com/track/7qiZfU4dY1lWllzX7mPBI3,0.931,1986.0
416449,0.581,Ed Sheeran,#1DB954,0.825,2017-04-06,96.0,0.652,pop,1,cy,50.0,1057,1057.0,1057.0,Shape of You,https://open.spotify.com/track/7qiZfU4dY1lWllzX7mPBI3,0.931,1986.0
416450,0.581,Ed Sheeran,#1DB954,0.825,2017-04-07,97.0,0.652,pop,1,cy,50.0,1199,1199.0,1199.0,Shape of You,https://open.spotify.com/track/7qiZfU4dY1lWllzX7mPBI3,0.931,1986.0
416451,0.581,Ed Sheeran,#1DB954,0.825,2017-04-08,98.0,0.652,pop,1,cy,50.0,1093,1093.0,1093.0,Shape of You,https://open.spotify.com/track/7qiZfU4dY1lWllzX7mPBI3,0.931,1986.0
416452,0.581,Ed Sheeran,#1DB954,0.825,2017-04-09,99.0,0.652,pop,1,cy,50.0,1119,1119.0,1119.0,Shape of You,https://open.spotify.com/track/7qiZfU4dY1lWllzX7mPBI3,0.931,1986.0
416453,0.581,Ed Sheeran,#1DB954,0.825,2017-04-10,100.0,0.652,pop,1,cy,50.0,1153,1153.0,1153.0,Shape of You,https://open.spotify.com/track/7qiZfU4dY1lWllzX7mPBI3,0.931,1986.0
416454,0.581,Ed Sheeran,#1DB954,0.825,2017-04-11,101.0,0.652,pop,1,cy,50.0,1070,1070.0,1070.0,Shape of You,https://open.spotify.com/track/7qiZfU4dY1lWllzX7mPBI3,0.931,1986.0
416455,0.229,Luis Fonsi,#1DB954,0.6940000000000001,2017-04-24,114.0,0.815,"latin,latin pop",1,cy,50.0,1011,1011.0,1011.0,Despacito - Remix,https://open.spotify.com/track/5CtI0qwDJkDQGwXD1H1cLb,0.813,1986.0
416456,0.229,Luis Fonsi,#1DB954,0.6940000000000001,2017-04-25,115.0,0.815,"latin,latin pop",1,cy,50.0,1105,1105.0,1105.0,Despacito - Remix,https://open.spotify.com/track/5CtI0qwDJkDQGwXD1H1cLb,0.813,1986.0
416457,0.229,Luis Fonsi,#1DB954,0.6940000000000001,2017-04-26,116.0,0.815,"latin,latin pop",1,cy,50.0,1150,1150.0,1150.0,Despacito - Remix,https://open.spotify.com/track/5CtI0qwDJkDQGwXD1H1cLb,0.813,1986.0
416458,0.229,Luis Fonsi,#1DB954,0.6940000000000001,2017-04-27,117.0,0.815,"latin,latin pop",1,cy,50.0,1271,1271.0,1271.0,Despacito - Remix,https://open.spotify.com/track/5CtI0qwDJkDQGwXD1H1cLb,0.813,1986.0
416459,0.229,Luis Fonsi,#1DB954,0.6940000000000001,2017-04-28,118.0,0.815,"latin,latin pop",1,cy,50.0,1233,1233.0,1233.0,Despacito - Remix,https://open.spotify.com/track/5CtI0qwDJkDQGwXD1H1cLb,0.813,1986.0
416460,0.229,Luis Fonsi,#1DB954,0.6940000000000001,2017-04-29,119.0,0.815,"latin,latin pop",1,cy,50.0,1268,1268.0,1268.0,Despacito - Remix,https://open.spotify.com/track/5CtI0qwDJkDQGwXD1H1cLb,0.813,1986.0
416461,0.229,Luis Fonsi,#1DB954,0.6940000000000001,2017-04-30,120.0,0.815,"latin,latin pop",1,cy,50.0,1137,1137.0,1137.0,Despacito - Remix,https://open.spotify.com/track/5CtI0qwDJkDQGwXD1H1cLb,0.813,1986.0
416462,0.229,Luis Fonsi,#1DB954,0.6940000000000001,2017-05-01,121.0,0.815,"latin,latin pop",1,cy,50.0,1161,1161.0,1161.0,Despacito - Remix,https://open.spotify.com/track/5CtI0qwDJkDQGwXD1H1cLb,0.813,1986.0
416463,0.229,Luis Fonsi,#1DB954,0.6940000000000001,2017-05-02,122.0,0.815,"latin,latin pop",1,cy,50.0,1215,1215.0,1215.0,Despacito - Remix,https://open.spotify.com/track/5CtI0qwDJkDQGwXD1H1cLb,0.813,1986.0
416464,0.229,Luis Fonsi,#1DB954,0.6940000000000001,2017-05-03,123.0,0.815,"latin,latin pop",1,cy,50.0,1290,1290.0,1290.0,Despacito - Remix,https://open.spotify.com/track/5CtI0qwDJkDQGwXD1H1cLb,0.813,1986.0
416465,0.229,Luis Fonsi,#1DB954,0.6940000000000001,2017-05-04,124.0,0.815,"latin,latin pop",1,cy,50.0,1344,1344.0,1037.0,Despacito - Remix,https://open.spotify.com/track/5CtI0qwDJkDQGwXD1H1cLb,0.813,1986.0
416466,0.0533,DJ Khaled,#1DB954,0.599,2017-05-04,124.0,0.667,"dance pop,pop,pop rap,rap,trap music",2,cy,40.86309523809524,1037,1344.0,1037.0,I'm the One,https://open.spotify.com/track/72Q0FQQo32KJloivv5xge2,0.8170000000000001,1986.0
416467,0.229,Luis Fonsi,#1DB954,0.6940000000000001,2017-05-05,125.0,0.815,"latin,latin pop",1,cy,50.0,1319,1319.0,1319.0,Despacito - Remix,https://open.spotify.com/track/5CtI0qwDJkDQGwXD1H1cLb,0.813,1986.0
416468,0.229,Luis Fonsi,#1DB954,0.6940000000000001,2017-05-06,126.0,0.815,"latin,latin pop",1,cy,50.0,1205,1205.0,1205.0,Despacito - Remix,https://open.spotify.com/track/5CtI0qwDJkDQGwXD1H1cLb,0.813,1986.0
416469,0.229,Luis Fonsi,#1DB954,0.6940000000000001,2017-05-07,127.0,0.815,"latin,latin pop",1,cy,50.0,1169,1169.0,1169.0,Despacito - Remix,https://open.spotify.com/track/5CtI0qwDJkDQGwXD1H1cLb,0.813,1986.0
416470,0.229,Luis Fonsi,#1DB954,0.6940000000000001,2017-05-08,128.0,0.815,"latin,latin pop",1,cy,50.0,1251,1251.0,1251.0,Despacito - Remix,https://open.spotify.com/track/5CtI0qwDJkDQGwXD1H1cLb,0.813,1986.0
416471,0.229,Luis Fonsi,#1DB954,0.6940000000000001,2017-05-09,129.0,0.815,"latin,latin pop",1,cy,50.0,1287,1287.0,1287.0,Despacito - Remix,https://open.spotify.com/track/5CtI0qwDJkDQGwXD1H1cLb,0.813,1986.0
416472,0.229,Luis Fonsi,#1DB954,0.6940000000000001,2017-05-10,130.0,0.815,"latin,latin pop",1,cy,50.0,1216,1216.0,1216.0,Despacito - Remix,https://open.spotify.com/track/5CtI0qwDJkDQGwXD1H1cLb,0.813,1986.0
416473,0.229,Luis Fonsi,#1DB954,0.6940000000000001,2017-05-11,131.0,0.815,"latin,latin pop",1,cy,50.0,1275,1275.0,1275.0,Despacito - Remix,https://open.spotify.com/track/5CtI0qwDJkDQGwXD1H1cLb,0.813,1986.0
416474,0.229,Luis Fonsi,#1DB954,0.6940000000000001,2017-05-12,132.0,0.815,"latin,latin pop",1,cy,50.0,1337,1337.0,1337.0,Despacito - Remix,https://open.spotify.com/track/5CtI0qwDJkDQGwXD1H1cLb,0.813,1986.0
416475,0.229,Luis Fonsi,#1DB954,0.6940000000000001,2017-05-13,133.0,0.815,"latin,latin pop",1,cy,50.0,1270,1270.0,1270.0,Despacito - Remix,https://open.spotify.com/track/5CtI0qwDJkDQGwXD1H1cLb,0.813,1986.0
416476,0.229,Luis Fonsi,#1DB954,0.6940000000000001,2017-05-14,134.0,0.815,"latin,latin pop",1,cy,50.0,1173,1173.0,1173.0,Despacito - Remix,https://open.spotify.com/track/5CtI0qwDJkDQGwXD1H1cLb,0.813,1986.0
416477,0.229,Luis Fonsi,#1DB954,0.6940000000000001,2017-05-15,135.0,0.815,"latin,latin pop",1,cy,50.0,1203,1203.0,1203.0,Despacito - Remix,https://open.spotify.com/track/5CtI0qwDJkDQGwXD1H1cLb,0.813,1986.0
416478,0.229,Luis Fonsi,#1DB954,0.6940000000000001,2017-05-16,136.0,0.815,"latin,latin pop",1,cy,50.0,1210,1210.0,1210.0,Despacito - Remix,https://open.spotify.com/track/5CtI0qwDJkDQGwXD1H1cLb,0.813,1986.0
416479,0.229,Luis Fonsi,#1DB954,0.6940000000000001,2017-05-17,137.0,0.815,"latin,latin pop",1,cy,50.0,1243,1243.0,1243.0,Despacito - Remix,https://open.spotify.com/track/5CtI0qwDJkDQGwXD1H1cLb,0.813,1986.0
416480,0.229,Luis Fonsi,#1DB954,0.6940000000000001,2017-05-18,138.0,0.815,"latin,latin pop",1,cy,50.0,1215,1215.0,1058.0,Despacito - Remix,https://open.spotify.com/track/5CtI0qwDJkDQGwXD1H1cLb,0.813,1986.0
416481,0.175,Selena Gomez,#1DB954,0.953,2017-05-18,138.0,0.41,"dance pop,pop,post-teen pop",2,cy,44.83127572016461,1058,1215.0,1058.0,Bad Liar,https://open.spotify.com/track/1sCxVKWImDZSZKvG0U9B23,0.718,1986.0
416482,0.229,Luis Fonsi,#1DB954,0.6940000000000001,2017-05-19,139.0,0.815,"latin,latin pop",1,cy,50.0,1322,1322.0,1005.0,Despacito - Remix,https://open.spotify.com/track/5CtI0qwDJkDQGwXD1H1cLb,0.813,1986.0
416483,0.0533,DJ Khaled,#1DB954,0.599,2017-05-19,139.0,0.667,"dance pop,pop,pop rap,rap,trap music",2,cy,40.408472012102884,1005,1322.0,1005.0,I'm the One,https://open.spotify.com/track/72Q0FQQo32KJloivv5xge2,0.8170000000000001,1986.0
416484,0.229,Luis Fonsi,#1DB954,0.6940000000000001,2017-05-20,140.0,0.815,"latin,latin pop",1,cy,50.0,1260,1260.0,1260.0,Despacito - Remix,https://open.spotify.com/track/5CtI0qwDJkDQGwXD1H1cLb,0.813,1986.0
416485,0.229,Luis Fonsi,#1DB954,0.6940000000000001,2017-05-21,141.0,0.815,"latin,latin pop",1,cy,50.0,1287,1287.0,1287.0,Despacito - Remix,https://open.spotify.com/track/5CtI0qwDJkDQGwXD1H1cLb,0.813,1986.0
416486,0.229,Luis Fonsi,#1DB954,0.6940000000000001,2017-05-22,142.0,0.815,"latin,latin pop",1,cy,50.0,1396,1396.0,1396.0,Despacito - Remix,https://open.spotify.com/track/5CtI0qwDJkDQGwXD1H1cLb,0.813,1986.0
416487,0.229,Luis Fonsi,#1DB954,0.6940000000000001,2017-05-23,143.0,0.815,"latin,latin pop",1,cy,50.0,1368,1368.0,1007.0,Despacito - Remix,https://open.spotify.com/track/5CtI0qwDJkDQGwXD1H1cLb,0.813,1986.0
416488,0.0533,DJ Khaled,#1DB954,0.599,2017-05-23,143.0,0.667,"dance pop,pop,pop rap,rap,trap music",2,cy,39.444444444444436,1007,1368.0,1007.0,I'm the One,https://open.spotify.com/track/72Q0FQQo32KJloivv5xge2,0.8170000000000001,1986.0
416489,0.229,Luis Fonsi,#1DB954,0.6940000000000001,2017-05-24,144.0,0.815,"latin,latin pop",1,cy,50.0,1321,1321.0,1321.0,Despacito - Remix,https://open.spotify.com/track/5CtI0qwDJkDQGwXD1H1cLb,0.813,1986.0
416490,0.229,Luis Fonsi,#1DB954,0.6940000000000001,2017-05-25,145.0,0.815,"latin,latin pop",1,cy,50.0,1314,1314.0,1314.0,Despacito - Remix,https://open.spotify.com/track/5CtI0qwDJkDQGwXD1H1cLb,0.813,1986.0
416491,0.229,Luis Fonsi,#1DB954,0.6940000000000001,2017-05-26,146.0,0.815,"latin,latin pop",1,cy,50.0,1497,1497.0,1497.0,Despacito - Remix,https://open.spotify.com/track/5CtI0qwDJkDQGwXD1H1cLb,0.813,1986.0
416492,0.209,Luis Fonsi,#1DB954,0.66,2017-05-27,147.0,0.7859999999999999,"latin,latin pop",1,cy,50.0,1973,1973.0,1973.0,Despacito (Featuring Daddy Yankee),https://open.spotify.com/track/4aWmUDTfIPGksMNLV2rQP2,0.846,1986.0
416493,0.209,Luis Fonsi,#1DB954,0.66,2017-05-28,148.0,0.7859999999999999,"latin,latin pop",1,cy,50.0,1793,1793.0,1793.0,Despacito (Featuring Daddy Yankee),https://open.spotify.com/track/4aWmUDTfIPGksMNLV2rQP2,0.846,1986.0
416494,0.229,Luis Fonsi,#1DB954,0.6940000000000001,2017-05-29,149.0,0.815,"latin,latin pop",1,cy,50.0,1010,1010.0,1010.0,Despacito - Remix,https://open.spotify.com/track/5CtI0qwDJkDQGwXD1H1cLb,0.813,1986.0
416495,0.229,Luis Fonsi,#1DB954,0.6940000000000001,2017-06-01,152.0,0.815,"latin,latin pop",1,cy,50.0,1378,1378.0,1378.0,Despacito - Remix,https://open.spotify.com/track/5CtI0qwDJkDQGwXD1H1cLb,0.813,1986.0
416496,0.229,Luis Fonsi,#1DB954,0.6940000000000001,2017-06-03,154.0,0.815,"latin,latin pop",1,cy,50.0,1438,1438.0,1438.0,Despacito - Remix,https://open.spotify.com/track/5CtI0qwDJkDQGwXD1H1cLb,0.813,1986.0
416497,0.229,Luis Fonsi,#1DB954,0.6940000000000001,2017-06-04,155.0,0.815,"latin,latin pop",1,cy,50.0,1235,1235.0,1235.0,Despacito - Remix,https://open.spotify.com/track/5CtI0qwDJkDQGwXD1H1cLb,0.813,1986.0
416498,0.229,Luis Fonsi,#1DB954,0.6940000000000001,2017-06-05,156.0,0.815,"latin,latin pop",1,cy,50.0,1154,1154.0,1154.0,Despacito - Remix,https://open.spotify.com/track/5CtI0qwDJkDQGwXD1H1cLb,0.813,1986.0
416499,0.229,Luis Fonsi,#1DB954,0.6940000000000001,2017-06-06,157.0,0.815,"latin,latin pop",1,cy,50.0,1226,1226.0,1226.0,Despacito - Remix,https://open.spotify.com/track/5CtI0qwDJkDQGwXD1H1cLb,0.813,1986.0
416500,0.229,Luis Fonsi,#1DB954,0.6940000000000001,2017-06-07,158.0,0.815,"latin,latin pop",1,cy,50.0,1294,1294.0,1294.0,Despacito - Remix,https://open.spotify.com/track/5CtI0qwDJkDQGwXD1H1cLb,0.813,1986.0
416501,0.229,Luis Fonsi,#1DB954,0.6940000000000001,2017-06-08,159.0,0.815,"latin,latin pop",1,cy,50.0,1283,1283.0,1283.0,Despacito - Remix,https://open.spotify.com/track/5CtI0qwDJkDQGwXD1H1cLb,0.813,1986.0
416502,0.229,Luis Fonsi,#1DB954,0.6940000000000001,2017-06-09,160.0,0.815,"latin,latin pop",1,cy,50.0,1326,1326.0,1326.0,Despacito - Remix,https://open.spotify.com/track/5CtI0qwDJkDQGwXD1H1cLb,0.813,1986.0
416503,0.229,Luis Fonsi,#1DB954,0.6940000000000001,2017-06-10,161.0,0.815,"latin,latin pop",1,cy,50.0,1281,1281.0,1126.0,Despacito - Remix,https://open.spotify.com/track/5CtI0qwDJkDQGwXD1H1cLb,0.813,1986.0
416504,0.219,David Guetta,#1DB954,0.5479999999999999,2017-06-10,161.0,0.65,"dance pop,edm,pop,tropical house",2,cy,45.160031225605,1126,1281.0,1126.0,2U (feat. Justin Bieber),https://open.spotify.com/track/3A7qX2QjDlPnazUsRk5y0M,0.557,1986.0
416505,0.229,Luis Fonsi,#1DB954,0.6940000000000001,2017-06-11,162.0,0.815,"latin,latin pop",1,cy,50.0,1183,1183.0,1099.0,Despacito - Remix,https://open.spotify.com/track/5CtI0qwDJkDQGwXD1H1cLb,0.813,1986.0
416506,0.219,David Guetta,#1DB954,0.5479999999999999,2017-06-11,162.0,0.65,"dance pop,edm,pop,tropical house",2,cy,47.15976331360947,1099,1183.0,1099.0,2U (feat. Justin Bieber),https://open.spotify.com/track/3A7qX2QjDlPnazUsRk5y0M,0.557,1986.0
416507,0.229,Luis Fonsi,#1DB954,0.6940000000000001,2017-06-12,163.0,0.815,"latin,latin pop",1,cy,50.0,1117,1117.0,1026.0,Despacito - Remix,https://open.spotify.com/track/5CtI0qwDJkDQGwXD1H1cLb,0.813,1986.0
416508,0.219,David Guetta,#1DB954,0.5479999999999999,2017-06-12,163.0,0.65,"dance pop,edm,pop,tropical house",2,cy,46.74127126230976,1026,1117.0,1026.0,2U (feat. Justin Bieber),https://open.spotify.com/track/3A7qX2QjDlPnazUsRk5y0M,0.557,1986.0
416509,0.229,Luis Fonsi,#1DB954,0.6940000000000001,2017-06-13,164.0,0.815,"latin,latin pop",1,cy,50.0,1237,1237.0,1135.0,Despacito - Remix,https://open.spotify.com/track/5CtI0qwDJkDQGwXD1H1cLb,0.813,1986.0
416510,0.219,David Guetta,#1DB954,0.5479999999999999,2017-06-13,164.0,0.65,"dance pop,edm,pop,tropical house",2,cy,46.70169765561843,1135,1237.0,1135.0,2U (feat. Justin Bieber),https://open.spotify.com/track/3A7qX2QjDlPnazUsRk5y0M,0.557,1986.0
416511,0.219,David Guetta,#1DB954,0.5479999999999999,2017-06-14,165.0,0.65,"dance pop,edm,pop,tropical house",1,cy,50.0,1188,1188.0,1172.0,2U (feat. Justin Bieber),https://open.spotify.com/track/3A7qX2QjDlPnazUsRk5y0M,0.557,1986.0
416512,0.229,Luis Fonsi,#1DB954,0.6940000000000001,2017-06-14,165.0,0.815,"latin,latin pop",2,cy,49.46127946127946,1172,1188.0,1172.0,Despacito - Remix,https://open.spotify.com/track/5CtI0qwDJkDQGwXD1H1cLb,0.813,1986.0
416513,0.229,Luis Fonsi,#1DB954,0.6940000000000001,2017-06-15,166.0,0.815,"latin,latin pop",1,cy,50.0,1175,1175.0,1102.0,Despacito - Remix,https://open.spotify.com/track/5CtI0qwDJkDQGwXD1H1cLb,0.813,1986.0
416514,0.219,David Guetta,#1DB954,0.5479999999999999,2017-06-15,166.0,0.65,"dance pop,edm,pop,tropical house",2,cy,47.51489361702129,1102,1175.0,1102.0,2U (feat. Justin Bieber),https://open.spotify.com/track/3A7qX2QjDlPnazUsRk5y0M,0.557,1986.0
416515,0.229,Luis Fonsi,#1DB954,0.6940000000000001,2017-06-16,167.0,0.815,"latin,latin pop",1,cy,50.0,1214,1214.0,1048.0,Despacito - Remix,https://open.spotify.com/track/5CtI0qwDJkDQGwXD1H1cLb,0.813,1986.0
416516,0.219,David Guetta,#1DB954,0.5479999999999999,2017-06-16,167.0,0.65,"dance pop,edm,pop,tropical house",2,cy,44.53047775947282,1048,1214.0,1048.0,2U (feat. Justin Bieber),https://open.spotify.com/track/3A7qX2QjDlPnazUsRk5y0M,0.557,1986.0
416517,0.229,Luis Fonsi,#1DB954,0.6940000000000001,2017-06-17,168.0,0.815,"latin,latin pop",1,cy,50.0,1225,1225.0,1225.0,Despacito - Remix,https://open.spotify.com/track/5CtI0qwDJkDQGwXD1H1cLb,0.813,1986.0
416518,0.229,Luis Fonsi,#1DB954,0.6940000000000001,2017-06-18,169.0,0.815,"latin,latin pop",1,cy,50.0,1134,1134.0,1015.0,Despacito - Remix,https://open.spotify.com/track/5CtI0qwDJkDQGwXD1H1cLb,0.813,1986.0
416519,0.0329,DJ Khaled,#1DB954,0.6709999999999999,2017-06-18,169.0,0.672,"dance pop,pop,pop rap,rap,trap music",2,cy,45.80246913580247,1015,1134.0,1015.0,Wild Thoughts,https://open.spotify.com/track/1OAh8uOEOvTDqkKFsKksCi,0.632,1986.0
416520,0.0329,DJ Khaled,#1DB954,0.6709999999999999,2017-06-19,170.0,0.672,"dance pop,pop,pop rap,rap,trap music",1,cy,50.0,1215,1215.0,1064.0,Wild Thoughts,https://open.spotify.com/track/1OAh8uOEOvTDqkKFsKksCi,0.632,1986.0
416521,0.229,Luis Fonsi,#1DB954,0.6940000000000001,2017-06-19,170.0,0.815,"latin,latin pop",2,cy,48.48559670781893,1169,1215.0,1064.0,Despacito - Remix,https://open.spotify.com/track/5CtI0qwDJkDQGwXD1H1cLb,0.813,1986.0
416522,0.219,David Guetta,#1DB954,0.5479999999999999,2017-06-19,170.0,0.65,"dance pop,edm,pop,tropical house",3,cy,45.028806584362144,1064,1215.0,1064.0,2U (feat. Justin Bieber),https://open.spotify.com/track/3A7qX2QjDlPnazUsRk5y0M,0.557,1986.0
416523,0.229,Luis Fonsi,#1DB954,0.6940000000000001,2017-06-20,171.0,0.815,"latin,latin pop",1,cy,50.0,1251,1251.0,1114.0,Despacito - Remix,https://open.spotify.com/track/5CtI0qwDJkDQGwXD1H1cLb,0.813,1986.0
416524,0.0329,DJ Khaled,#1DB954,0.6709999999999999,2017-06-20,171.0,0.672,"dance pop,pop,pop rap,rap,trap music",2,cy,48.36930455635493,1200,1251.0,1114.0,Wild Thoughts,https://open.spotify.com/track/1OAh8uOEOvTDqkKFsKksCi,0.632,1986.0
416525,0.219,David Guetta,#1DB954,0.5479999999999999,2017-06-20,171.0,0.65,"dance pop,edm,pop,tropical house",3,cy,45.61950439648281,1114,1251.0,1114.0,2U (feat. Justin Bieber),https://open.spotify.com/track/3A7qX2QjDlPnazUsRk5y0M,0.557,1986.0
416526,0.0329,DJ Khaled,#1DB954,0.6709999999999999,2017-06-21,172.0,0.672,"dance pop,pop,pop rap,rap,trap music",1,cy,50.0,1272,1272.0,1064.0,Wild Thoughts,https://open.spotify.com/track/1OAh8uOEOvTDqkKFsKksCi,0.632,1986.0
416527,0.229,Luis Fonsi,#1DB954,0.6940000000000001,2017-06-21,172.0,0.815,"latin,latin pop",2,cy,47.73584905660378,1200,1272.0,1064.0,Despacito - Remix,https://open.spotify.com/track/5CtI0qwDJkDQGwXD1H1cLb,0.813,1986.0
416528,0.219,David Guetta,#1DB954,0.5479999999999999,2017-06-21,172.0,0.65,"dance pop,edm,pop,tropical house",3,cy,43.45911949685535,1064,1272.0,1064.0,2U (feat. Justin Bieber),https://open.spotify.com/track/3A7qX2QjDlPnazUsRk5y0M,0.557,1986.0
416529,0.0329,DJ Khaled,#1DB954,0.6709999999999999,2017-06-22,173.0,0.672,"dance pop,pop,pop rap,rap,trap music",1,cy,50.0,1256,1256.0,1107.0,Wild Thoughts,https://open.spotify.com/track/1OAh8uOEOvTDqkKFsKksCi,0.632,1986.0
416530,0.229,Luis Fonsi,#1DB954,0.6940000000000001,2017-06-22,173.0,0.815,"latin,latin pop",2,cy,47.70700636942674,1184,1256.0,1107.0,Despacito - Remix,https://open.spotify.com/track/5CtI0qwDJkDQGwXD1H1cLb,0.813,1986.0
416531,0.219,David Guetta,#1DB954,0.5479999999999999,2017-06-22,173.0,0.65,"dance pop,edm,pop,tropical house",3,cy,45.2547770700637,1107,1256.0,1107.0,2U (feat. Justin Bieber),https://open.spotify.com/track/3A7qX2QjDlPnazUsRk5y0M,0.557,1986.0
416532,0.0329,DJ Khaled,#1DB954,0.6709999999999999,2017-06-23,174.0,0.672,"dance pop,pop,pop rap,rap,trap music",1,cy,50.0,1334,1334.0,1026.0,Wild Thoughts,https://open.spotify.com/track/1OAh8uOEOvTDqkKFsKksCi,0.632,1986.0
416533,0.229,Luis Fonsi,#1DB954,0.6940000000000001,2017-06-23,174.0,0.815,"latin,latin pop",2,cy,45.38230884557722,1180,1334.0,1026.0,Despacito - Remix,https://open.spotify.com/track/5CtI0qwDJkDQGwXD1H1cLb,0.813,1986.0
416534,0.219,David Guetta,#1DB954,0.5479999999999999,2017-06-23,174.0,0.65,"dance pop,edm,pop,tropical house",3,cy,40.76461769115442,1026,1334.0,1026.0,2U (feat. Justin Bieber),https://open.spotify.com/track/3A7qX2QjDlPnazUsRk5y0M,0.557,1986.0
416535,0.0329,DJ Khaled,#1DB954,0.6709999999999999,2017-06-24,175.0,0.672,"dance pop,pop,pop rap,rap,trap music",1,cy,50.0,1307,1307.0,1042.0,Wild Thoughts,https://open.spotify.com/track/1OAh8uOEOvTDqkKFsKksCi,0.632,1986.0
416536,0.229,Luis Fonsi,#1DB954,0.6940000000000001,2017-06-24,175.0,0.815,"latin,latin pop",2,cy,44.18515684774293,1117,1307.0,1042.0,Despacito - Remix,https://open.spotify.com/track/5CtI0qwDJkDQGwXD1H1cLb,0.813,1986.0
416537,0.219,David Guetta,#1DB954,0.5479999999999999,2017-06-24,175.0,0.65,"dance pop,edm,pop,tropical house",3,cy,41.889824024483545,1042,1307.0,1042.0,2U (feat. Justin Bieber),https://open.spotify.com/track/3A7qX2QjDlPnazUsRk5y0M,0.557,1986.0
416538,0.0329,DJ Khaled,#1DB954,0.6709999999999999,2017-06-25,176.0,0.672,"dance pop,pop,pop rap,rap,trap music",1,cy,50.0,1143,1143.0,1010.0,Wild Thoughts,https://open.spotify.com/track/1OAh8uOEOvTDqkKFsKksCi,0.632,1986.0
416539,0.229,Luis Fonsi,#1DB954,0.6940000000000001,2017-06-25,176.0,0.815,"latin,latin pop",2,cy,49.055118110236215,1116,1143.0,1010.0,Despacito - Remix,https://open.spotify.com/track/5CtI0qwDJkDQGwXD1H1cLb,0.813,1986.0
416540,0.219,David Guetta,#1DB954,0.5479999999999999,2017-06-25,176.0,0.65,"dance pop,edm,pop,tropical house",3,cy,45.34558180227472,1010,1143.0,1010.0,2U (feat. Justin Bieber),https://open.spotify.com/track/3A7qX2QjDlPnazUsRk5y0M,0.557,1986.0
416541,0.0329,DJ Khaled,#1DB954,0.6709999999999999,2017-06-26,177.0,0.672,"dance pop,pop,pop rap,rap,trap music",1,cy,50.0,1279,1279.0,1043.0,Wild Thoughts,https://open.spotify.com/track/1OAh8uOEOvTDqkKFsKksCi,0.632,1986.0
416542,0.229,Luis Fonsi,#1DB954,0.6940000000000001,2017-06-26,177.0,0.815,"latin,latin pop",2,cy,48.123534010946045,1219,1279.0,1043.0,Despacito - Remix,https://open.spotify.com/track/5CtI0qwDJkDQGwXD1H1cLb,0.813,1986.0
416543,0.219,David Guetta,#1DB954,0.5479999999999999,2017-06-26,177.0,0.65,"dance pop,edm,pop,tropical house",3,cy,42.61923377638779,1043,1279.0,1043.0,2U (feat. Justin Bieber),https://open.spotify.com/track/3A7qX2QjDlPnazUsRk5y0M,0.557,1986.0
416544,0.0329,DJ Khaled,#1DB954,0.6709999999999999,2017-06-27,178.0,0.672,"dance pop,pop,pop rap,rap,trap music",1,cy,50.0,1328,1328.0,1034.0,Wild Thoughts,https://open.spotify.com/track/1OAh8uOEOvTDqkKFsKksCi,0.632,1986.0
416545,0.229,Luis Fonsi,#1DB954,0.6940000000000001,2017-06-27,178.0,0.815,"latin,latin pop",2,cy,45.06024096385542,1164,1328.0,1034.0,Despacito - Remix,https://open.spotify.com/track/5CtI0qwDJkDQGwXD1H1cLb,0.813,1986.0
416546,0.219,David Guetta,#1DB954,0.5479999999999999,2017-06-27,178.0,0.65,"dance pop,edm,pop,tropical house",3,cy,41.14457831325301,1034,1328.0,1034.0,2U (feat. Justin Bieber),https://open.spotify.com/track/3A7qX2QjDlPnazUsRk5y0M,0.557,1986.0
416547,0.0329,DJ Khaled,#1DB954,0.6709999999999999,2017-06-28,179.0,0.672,"dance pop,pop,pop rap,rap,trap music",1,cy,50.0,1336,1336.0,1044.0,Wild Thoughts,https://open.spotify.com/track/1OAh8uOEOvTDqkKFsKksCi,0.632,1986.0
416548,0.229,Luis Fonsi,#1DB954,0.6940000000000001,2017-06-28,179.0,0.815,"latin,latin pop",2,cy,44.31137724550898,1146,1336.0,1044.0,Despacito - Remix,https://open.spotify.com/track/5CtI0qwDJkDQGwXD1H1cLb,0.813,1986.0
416549,0.219,David Guetta,#1DB954,0.5479999999999999,2017-06-28,179.0,0.65,"dance pop,edm,pop,tropical house",3,cy,41.25748502994012,1044,1336.0,1044.0,2U (feat. Justin Bieber),https://open.spotify.com/track/3A7qX2QjDlPnazUsRk5y0M,0.557,1986.0
416550,0.0329,DJ Khaled,#1DB954,0.6709999999999999,2017-06-29,180.0,0.672,"dance pop,pop,pop rap,rap,trap music",1,cy,50.0,1295,1295.0,1025.0,Wild Thoughts,https://open.spotify.com/track/1OAh8uOEOvTDqkKFsKksCi,0.632,1986.0
416551,0.229,Luis Fonsi,#1DB954,0.6940000000000001,2017-06-29,180.0,0.815,"latin,latin pop",2,cy,42.46332046332047,1051,1295.0,1025.0,Despacito - Remix,https://open.spotify.com/track/5CtI0qwDJkDQGwXD1H1cLb,0.813,1986.0
416552,0.219,David Guetta,#1DB954,0.5479999999999999,2017-06-29,180.0,0.65,"dance pop,edm,pop,tropical house",3,cy,41.66023166023166,1025,1295.0,1025.0,2U (feat. Justin Bieber),https://open.spotify.com/track/3A7qX2QjDlPnazUsRk5y0M,0.557,1986.0
416553,0.0329,DJ Khaled,#1DB954,0.6709999999999999,2017-06-30,181.0,0.672,"dance pop,pop,pop rap,rap,trap music",1,cy,50.0,1341,1341.0,1196.0,Wild Thoughts,https://open.spotify.com/track/1OAh8uOEOvTDqkKFsKksCi,0.632,1986.0
416554,0.229,Luis Fonsi,#1DB954,0.6940000000000001,2017-06-30,181.0,0.815,"latin,latin pop",2,cy,45.67486950037286,1196,1341.0,1196.0,Despacito - Remix,https://open.spotify.com/track/5CtI0qwDJkDQGwXD1H1cLb,0.813,1986.0
416555,0.0329,DJ Khaled,#1DB954,0.6709999999999999,2017-07-01,182.0,0.672,"dance pop,pop,pop rap,rap,trap music",1,cy,50.0,1297,1297.0,1025.0,Wild Thoughts,https://open.spotify.com/track/1OAh8uOEOvTDqkKFsKksCi,0.632,1986.0
416556,0.229,Luis Fonsi,#1DB954,0.6940000000000001,2017-07-01,182.0,0.815,"latin,latin pop",2,cy,45.065535851966075,1137,1297.0,1025.0,Despacito - Remix,https://open.spotify.com/track/5CtI0qwDJkDQGwXD1H1cLb,0.813,1986.0
416557,0.219,David Guetta,#1DB954,0.5479999999999999,2017-07-01,182.0,0.65,"dance pop,edm,pop,tropical house",3,cy,41.611410948342325,1025,1297.0,1025.0,2U (feat. Justin Bieber),https://open.spotify.com/track/3A7qX2QjDlPnazUsRk5y0M,0.557,1986.0
416558,0.0329,DJ Khaled,#1DB954,0.6709999999999999,2017-07-02,183.0,0.672,"dance pop,pop,pop rap,rap,trap music",1,cy,50.0,1041,1041.0,1041.0,Wild Thoughts,https://open.spotify.com/track/1OAh8uOEOvTDqkKFsKksCi,0.632,1986.0
416559,0.0329,DJ Khaled,#1DB954,0.6709999999999999,2017-07-03,184.0,0.672,"dance pop,pop,pop rap,rap,trap music",1,cy,50.0,1211,1211.0,1020.0,Wild Thoughts,https://open.spotify.com/track/1OAh8uOEOvTDqkKFsKksCi,0.632,1986.0
416560,0.229,Luis Fonsi,#1DB954,0.6940000000000001,2017-07-03,184.0,0.815,"latin,latin pop",2,cy,43.691164327002475,1020,1211.0,1020.0,Despacito - Remix,https://open.spotify.com/track/5CtI0qwDJkDQGwXD1H1cLb,0.813,1986.0
416561,0.0329,DJ Khaled,#1DB954,0.6709999999999999,2017-07-04,185.0,0.672,"dance pop,pop,pop rap,rap,trap music",1,cy,50.0,1190,1190.0,1190.0,Wild Thoughts,https://open.spotify.com/track/1OAh8uOEOvTDqkKFsKksCi,0.632,1986.0
416562,0.0329,DJ Khaled,#1DB954,0.6709999999999999,2017-07-05,186.0,0.672,"dance pop,pop,pop rap,rap,trap music",1,cy,50.0,1221,1221.0,1221.0,Wild Thoughts,https://open.spotify.com/track/1OAh8uOEOvTDqkKFsKksCi,0.632,1986.0
416563,0.0329,DJ Khaled,#1DB954,0.6709999999999999,2017-07-06,187.0,0.672,"dance pop,pop,pop rap,rap,trap music",1,cy,50.0,1158,1158.0,1158.0,Wild Thoughts,https://open.spotify.com/track/1OAh8uOEOvTDqkKFsKksCi,0.632,1986.0
416564,0.0329,DJ Khaled,#1DB954,0.6709999999999999,2017-07-07,188.0,0.672,"dance pop,pop,pop rap,rap,trap music",1,cy,50.0,1329,1329.0,1098.0,Wild Thoughts,https://open.spotify.com/track/1OAh8uOEOvTDqkKFsKksCi,0.632,1986.0
416565,0.229,Luis Fonsi,#1DB954,0.6940000000000001,2017-07-07,188.0,0.815,"latin,latin pop",2,cy,43.047404063205434,1098,1329.0,1098.0,Despacito - Remix,https://open.spotify.com/track/5CtI0qwDJkDQGwXD1H1cLb,0.813,1986.0
416566,0.0329,DJ Khaled,#1DB954,0.6709999999999999,2017-07-08,189.0,0.672,"dance pop,pop,pop rap,rap,trap music",1,cy,50.0,1169,1169.0,1106.0,Wild Thoughts,https://open.spotify.com/track/1OAh8uOEOvTDqkKFsKksCi,0.632,1986.0
416567,0.229,Luis Fonsi,#1DB954,0.6940000000000001,2017-07-08,189.0,0.815,"latin,latin pop",2,cy,47.84431137724551,1106,1169.0,1106.0,Despacito - Remix,https://open.spotify.com/track/5CtI0qwDJkDQGwXD1H1cLb,0.813,1986.0
416568,0.0329,DJ Khaled,#1DB954,0.6709999999999999,2017-07-09,190.0,0.672,"dance pop,pop,pop rap,rap,trap music",1,cy,50.0,1191,1191.0,1191.0,Wild Thoughts,https://open.spotify.com/track/1OAh8uOEOvTDqkKFsKksCi,0.632,1986.0
416569,0.0329,DJ Khaled,#1DB954,0.6709999999999999,2017-07-10,191.0,0.672,"dance pop,pop,pop rap,rap,trap music",1,cy,50.0,1266,1266.0,1053.0,Wild Thoughts,https://open.spotify.com/track/1OAh8uOEOvTDqkKFsKksCi,0.632,1986.0
416570,0.219,David Guetta,#1DB954,0.5479999999999999,2017-07-10,191.0,0.65,"dance pop,edm,pop,tropical house",2,cy,43.45971563981042,1059,1266.0,1053.0,2U (feat. Justin Bieber),https://open.spotify.com/track/3A7qX2QjDlPnazUsRk5y0M,0.557,1986.0
416571,0.229,Luis Fonsi,#1DB954,0.6940000000000001,2017-07-10,191.0,0.815,"latin,latin pop",3,cy,43.27014218009479,1053,1266.0,1053.0,Despacito - Remix,https://open.spotify.com/track/5CtI0qwDJkDQGwXD1H1cLb,0.813,1986.0
416572,0.0329,DJ Khaled,#1DB954,0.6709999999999999,2017-07-11,192.0,0.672,"dance pop,pop,pop rap,rap,trap music",1,cy,50.0,1230,1230.0,1063.0,Wild Thoughts,https://open.spotify.com/track/1OAh8uOEOvTDqkKFsKksCi,0.632,1986.0
416573,0.219,David Guetta,#1DB954,0.5479999999999999,2017-07-11,192.0,0.65,"dance pop,edm,pop,tropical house",2,cy,44.56910569105691,1063,1230.0,1063.0,2U (feat. Justin Bieber),https://open.spotify.com/track/3A7qX2QjDlPnazUsRk5y0M,0.557,1986.0
416574,0.0329,DJ Khaled,#1DB954,0.6709999999999999,2017-07-12,193.0,0.672,"dance pop,pop,pop rap,rap,trap music",1,cy,50.0,1251,1251.0,1049.0,Wild Thoughts,https://open.spotify.com/track/1OAh8uOEOvTDqkKFsKksCi,0.632,1986.0
416575,0.219,David Guetta,#1DB954,0.5479999999999999,2017-07-12,193.0,0.65,"dance pop,edm,pop,tropical house",2,cy,43.54116706634692,1049,1251.0,1049.0,2U (feat. Justin Bieber),https://open.spotify.com/track/3A7qX2QjDlPnazUsRk5y0M,0.557,1986.0
416576,0.0329,DJ Khaled,#1DB954,0.6709999999999999,2017-07-13,194.0,0.672,"dance pop,pop,pop rap,rap,trap music",1,cy,50.0,1172,1172.0,1172.0,Wild Thoughts,https://open.spotify.com/track/1OAh8uOEOvTDqkKFsKksCi,0.632,1986.0
416577,0.0329,DJ Khaled,#1DB954,0.6709999999999999,2017-07-14,195.0,0.672,"dance pop,pop,pop rap,rap,trap music",1,cy,50.0,1329,1329.0,1012.0,Wild Thoughts,https://open.spotify.com/track/1OAh8uOEOvTDqkKFsKksCi,0.632,1986.0
416578,0.229,Luis Fonsi,#1DB954,0.6940000000000001,2017-07-14,195.0,0.815,"latin,latin pop",2,cy,42.17456734386757,1069,1329.0,1012.0,Despacito - Remix,https://open.spotify.com/track/5CtI0qwDJkDQGwXD1H1cLb,0.813,1986.0
416579,0.0293,French Montana,#1DB954,0.726,2017-07-14,195.0,0.769,"pop rap,rap,trap music",3,cy,40.458991723100084,1012,1329.0,1012.0,Unforgettable,https://open.spotify.com/track/3B54sVLJ402zGa6Xm4YGNe,0.733,1986.0
416580,0.0329,DJ Khaled,#1DB954,0.6709999999999999,2017-07-15,196.0,0.672,"dance pop,pop,pop rap,rap,trap music",1,cy,50.0,1281,1281.0,1011.0,Wild Thoughts,https://open.spotify.com/track/1OAh8uOEOvTDqkKFsKksCi,0.632,1986.0
416581,0.229,Luis Fonsi,#1DB954,0.6940000000000001,2017-07-15,196.0,0.815,"latin,latin pop",2,cy,41.569086651053865,1011,1281.0,1011.0,Despacito - Remix,https://open.spotify.com/track/5CtI0qwDJkDQGwXD1H1cLb,0.813,1986.0
416582,0.0329,DJ Khaled,#1DB954,0.6709999999999999,2017-07-16,197.0,0.672,"dance pop,pop,pop rap,rap,trap music",1,cy,50.0,1165,1165.0,1165.0,Wild Thoughts,https://open.spotify.com/track/1OAh8uOEOvTDqkKFsKksCi,0.632,1986.0
416583,0.0329,DJ Khaled,#1DB954,0.6709999999999999,2017-07-17,198.0,0.672,"dance pop,pop,pop rap,rap,trap music",1,cy,50.0,1187,1187.0,1187.0,Wild Thoughts,https://open.spotify.com/track/1OAh8uOEOvTDqkKFsKksCi,0.632,1986.0
416584,0.0329,DJ Khaled,#1DB954,0.6709999999999999,2017-07-18,199.0,0.672,"dance pop,pop,pop rap,rap,trap music",1,cy,50.0,1179,1179.0,1179.0,Wild Thoughts,https://open.spotify.com/track/1OAh8uOEOvTDqkKFsKksCi,0.632,1986.0
416585,0.0329,DJ Khaled,#1DB954,0.6709999999999999,2017-07-19,200.0,0.672,"dance pop,pop,pop rap,rap,trap music",1,cy,50.0,1235,1235.0,1235.0,Wild Thoughts,https://open.spotify.com/track/1OAh8uOEOvTDqkKFsKksCi,0.632,1986.0
416586,0.0329,DJ Khaled,#1DB954,0.6709999999999999,2017-07-20,201.0,0.672,"dance pop,pop,pop rap,rap,trap music",1,cy,50.0,1192,1192.0,1016.0,Wild Thoughts,https://open.spotify.com/track/1OAh8uOEOvTDqkKFsKksCi,0.632,1986.0
416587,0.0293,French Montana,#1DB954,0.726,2017-07-20,201.0,0.769,"pop rap,rap,trap music",2,cy,44.09395973154362,1016,1192.0,1016.0,Unforgettable,https://open.spotify.com/track/3B54sVLJ402zGa6Xm4YGNe,0.733,1986.0
416588,0.0329,DJ Khaled,#1DB954,0.6709999999999999,2017-07-21,202.0,0.672,"dance pop,pop,pop rap,rap,trap music",1,cy,50.0,1182,1182.0,1107.0,Wild Thoughts,https://open.spotify.com/track/1OAh8uOEOvTDqkKFsKksCi,0.632,1986.0
416589,0.0293,French Montana,#1DB954,0.726,2017-07-21,202.0,0.769,"pop rap,rap,trap music",2,cy,47.46192893401015,1107,1182.0,1107.0,Unforgettable,https://open.spotify.com/track/3B54sVLJ402zGa6Xm4YGNe,0.733,1986.0
416590,0.0329,DJ Khaled,#1DB954,0.6709999999999999,2017-07-22,203.0,0.672,"dance pop,pop,pop rap,rap,trap music",1,cy,50.0,1146,1146.0,1146.0,Wild Thoughts,https://open.spotify.com/track/1OAh8uOEOvTDqkKFsKksCi,0.632,1986.0
416591,0.0329,DJ Khaled,#1DB954,0.6709999999999999,2017-07-23,204.0,0.672,"dance pop,pop,pop rap,rap,trap music",1,cy,50.0,1041,1041.0,1041.0,Wild Thoughts,https://open.spotify.com/track/1OAh8uOEOvTDqkKFsKksCi,0.632,1986.0
416592,0.0329,DJ Khaled,#1DB954,0.6709999999999999,2017-07-24,205.0,0.672,"dance pop,pop,pop rap,rap,trap music",1,cy,50.0,1054,1054.0,1054.0,Wild Thoughts,https://open.spotify.com/track/1OAh8uOEOvTDqkKFsKksCi,0.632,1986.0
416593,0.0329,DJ Khaled,#1DB954,0.6709999999999999,2017-07-25,206.0,0.672,"dance pop,pop,pop rap,rap,trap music",1,cy,50.0,1153,1153.0,1153.0,Wild Thoughts,https://open.spotify.com/track/1OAh8uOEOvTDqkKFsKksCi,0.632,1986.0
416594,0.0329,DJ Khaled,#1DB954,0.6709999999999999,2017-07-26,207.0,0.672,"dance pop,pop,pop rap,rap,trap music",1,cy,50.0,1140,1140.0,1140.0,Wild Thoughts,https://open.spotify.com/track/1OAh8uOEOvTDqkKFsKksCi,0.632,1986.0
416595,0.0329,DJ Khaled,#1DB954,0.6709999999999999,2017-07-27,208.0,0.672,"dance pop,pop,pop rap,rap,trap music",1,cy,50.0,1080,1080.0,1080.0,Wild Thoughts,https://open.spotify.com/track/1OAh8uOEOvTDqkKFsKksCi,0.632,1986.0
416596,0.0329,DJ Khaled,#1DB954,0.6709999999999999,2017-07-28,209.0,0.672,"dance pop,pop,pop rap,rap,trap music",1,cy,50.0,1241,1241.0,1004.0,Wild Thoughts,https://open.spotify.com/track/1OAh8uOEOvTDqkKFsKksCi,0.632,1986.0
416597,0.0148,J Balvin,#1DB954,0.5429999999999999,2017-07-28,209.0,0.677,"latin,reggaeton",2,cy,43.65028203062047,1044,1241.0,1004.0,Mi Gente,https://open.spotify.com/track/2rb5MvYT7ZIxbKW5hfcHx8,0.294,1986.0
416598,0.0293,French Montana,#1DB954,0.726,2017-07-28,209.0,0.769,"pop rap,rap,trap music",3,cy,42.36099919419823,1004,1241.0,1004.0,Unforgettable,https://open.spotify.com/track/3B54sVLJ402zGa6Xm4YGNe,0.733,1986.0
416599,0.0329,DJ Khaled,#1DB954,0.6709999999999999,2017-07-29,210.0,0.672,"dance pop,pop,pop rap,rap,trap music",1,cy,50.0,1065,1065.0,1065.0,Wild Thoughts,https://open.spotify.com/track/1OAh8uOEOvTDqkKFsKksCi,0.632,1986.0
416600,0.0329,DJ Khaled,#1DB954,0.6709999999999999,2017-07-30,211.0,0.672,"dance pop,pop,pop rap,rap,trap music",1,cy,50.0,1006,1006.0,1006.0,Wild Thoughts,https://open.spotify.com/track/1OAh8uOEOvTDqkKFsKksCi,0.632,1986.0
416601,0.0329,DJ Khaled,#1DB954,0.6709999999999999,2017-08-01,213.0,0.672,"dance pop,pop,pop rap,rap,trap music",1,cy,50.0,1072,1072.0,1072.0,Wild Thoughts,https://open.spotify.com/track/1OAh8uOEOvTDqkKFsKksCi,0.632,1986.0
416602,0.0329,DJ Khaled,#1DB954,0.6709999999999999,2017-08-02,214.0,0.672,"dance pop,pop,pop rap,rap,trap music",1,cy,50.0,1008,1008.0,1008.0,Wild Thoughts,https://open.spotify.com/track/1OAh8uOEOvTDqkKFsKksCi,0.632,1986.0
416603,0.0329,DJ Khaled,#1DB954,0.6709999999999999,2017-08-03,215.0,0.672,"dance pop,pop,pop rap,rap,trap music",1,cy,50.0,1080,1080.0,1080.0,Wild Thoughts,https://open.spotify.com/track/1OAh8uOEOvTDqkKFsKksCi,0.632,1986.0
416604,0.0329,DJ Khaled,#1DB954,0.6709999999999999,2017-08-04,216.0,0.672,"dance pop,pop,pop rap,rap,trap music",1,cy,50.0,1139,1139.0,1035.0,Wild Thoughts,https://open.spotify.com/track/1OAh8uOEOvTDqkKFsKksCi,0.632,1986.0
416605,0.0148,J Balvin,#1DB954,0.5429999999999999,2017-08-04,216.0,0.677,"latin,reggaeton",2,cy,46.347673397717294,1035,1139.0,1035.0,Mi Gente,https://open.spotify.com/track/2rb5MvYT7ZIxbKW5hfcHx8,0.294,1986.0
416606,0.0329,DJ Khaled,#1DB954,0.6709999999999999,2017-08-05,217.0,0.672,"dance pop,pop,pop rap,rap,trap music",1,cy,50.0,1062,1062.0,1062.0,Wild Thoughts,https://open.spotify.com/track/1OAh8uOEOvTDqkKFsKksCi,0.632,1986.0
